Religion,Year,Benchmarking group,Breakdown,Weighting,Burned_out_base,Burned_out_ever_rate,Burned_out_rate,Burned_out_response_rate,Emotional_colleagues_base,Emotional_colleagues_rate,Emotional_manager_base,Emotional_manager_rate,Emotional_public_base,Emotional_public_rate,Ethnic_minority_rate,Ethnicity_rate_base,Female_rate,Female_rate_base,Med_Dental_rate,Med_Dental_rate_base,Older_rate,Older_rate_base,Patient_facing_base,Patient_facing_rate,Physical_colleagues_base,Physical_colleagues_rate,Physical_manager_base,Physical_manager_rate,Physical_public_base,Physical_public_rate,Respondents,Stress_base,Stress_rate
No religion,2021,Acute and Acute & Community Trusts,Religion,Trust Size,156326,93.9539511486788,37.9211123333757,0.999207414509428,152912,17.7661271430511,153618,10.8352072434838,154326,26.6225648764063,5.25562896914491,155890,77.1641628355807,155961,8.14761112585525,154487,24.2599259444648,155829,155739,77.774353244852,154618,1.13445899927225,155523,0.426398813310485,156384,14.3630988460016,156450,155934,48.9855415324768
Christian,2021,Acute and Acute & Community Trusts,Religion,Trust Size,207044,92.8285892756942,32.7463924127182,0.999059057416799,200576,19.9399941646756,201343,11.818806600393,202987,27.5261971351664,23.0061200699436,205880,82.4702931463601,206518,6.69603610291676,204748,41.7385022641546,206258,206229,80.8649607960083,204206,1.90846319827831,205482,0.744641310806074,207108,13.9260014733252,207239,206369,45.2275805906155
Buddhist,2021,Acute and Acute & Community Trusts,Religion,Trust Size,2982,91.342625708733,30.6829804984021,0.997324414715719,2890,23.6050839042548,2894,12.3355951042414,2920,28.2655515658324,69.6598639455782,2940,68.9979825151311,2974,27.8927723108246,2947,28.4506089309878,2956,2959,80.1960121662724,2942,3.41206425712852,2963,1.38901578945922,2990,14.0144338224579,2990,2980,41.7974473647943
Hindu,2021,Acute and Acute & Community Trusts,Religion,Trust Size,11496,90.5738042627408,30.0064477299327,0.998263285863147,11095,21.0414890493396,11129,12.5445915381803,11232,23.1928772109255,99.6055399719495,11408,61.5619014452377,11486,38.6626886626887,11396,24.9303378613723,11484,11467,81.9220371500828,11339,2.31039308483281,11413,1.17966835655824,11506,9.71610994785908,11516,11465,35.2067788457574
Jewish,2021,Acute and Acute & Community Trusts,Religion,Trust Size,1281,91.1345390158361,33.3512424280501,0.997663551401869,1244,20.1235498850022,1259,15.1972759659027,1260,28.2318863306482,12.2918318794608,1261,65.546875,1280,35.3821907013396,1269,37.9499217527387,1278,1278,83.0985915492958,1266,1.37416899453329,1280,1.18772681616608,1284,9.44866069915096,1284,1280,42.2578420737088
Muslim,2021,Acute and Acute & Community Trusts,Religion,Trust Size,14915,92.5614957523527,35.8428477672513,0.998594001071237,14449,23.50195363453,14479,13.8023114817207,14612,23.8836901307055,95.6230795493342,14645,57.6705692369802,14862,32.0206760525063,14703,15.6443368307775,14868,14838,79.5390214314598,14710,3.02300315278163,14810,1.45723857409874,14936,10.3755903924123,14936,14884,45.5339159813044
Sikh,2021,Acute and Acute & Community Trusts,Religion,Trust Size,2629,90.9518225869553,33.8080651114085,0.997722960151803,2524,20.8614272158554,2538,13.3834529177534,2555,20.8001429539798,99.3436293436293,2590,79.0341126868532,2609,12.2187742435997,2578,30.3914044512663,2606,2591,73.0991895021227,2578,3.39004258494148,2590,1.46018109590555,2624,9.19770414683629,2635,2617,39.9954298284506
Any other religion,2021,Acute and Acute & Community Trusts,Religion,Trust Size,7515,93.2041005773559,35.9072813680497,0.999733936410802,7239,24.3340851852969,7266,13.6813293418909,7326,30.7770645357499,33.4325128482553,7394,75.5674232309746,7490,4.29818670248489,7445,34.7140566541956,7484,7476,79.601391118245,7430,2.51035683424973,7448,1.16373176312781,7509,17.0571554690982,7517,7474,51.1373003839172
I would prefer not to say,2021,Acute and Acute & Community Trusts,Religion,Trust Size,22507,95.2836219538774,43.1965510882389,0.99862454521253,21842,27.4845752353309,21905,20.1719537290115,22067,30.553087263424,29.2770674315718,20569,52.3438196239194,22442,13.2861307788421,21609,33.1939877876938,21290,22394,76.4803072251496,22223,2.36121556685723,22337,1.16302281422604,22500,13.2177144372752,22538,22437,58.4348230171266
No religion,2021,"Mental Health & Learning Disability and Mental Health, Learning Disability & Community Trusts",Religion,Trust Size,46385,93.2225349964051,30.0319434741032,0.99870814942405,45223,12.8820497186887,45464,7.63571010123542,45692,26.6959777918567,4.92650237786425,46260,78.420529658271093,46294,3.23274924996739,45998,27.7508755242336,46258,46267,82.8084812069077,45814,0.697613733909336,46140,0.253647829153323,46396,14.3759567157951,46445,46315,45.8024345831718
Christian,2021,"Mental Health & Learning Disability and Mental Health, Learning Disability & Community Trusts",Religion,Trust Size,50396,91.4814221382486,25.4576076794174,0.998632715743585,48722,14.5660772584034,48937,8.78263173929665,49335,25.9658744922001,18.2559786185851,50137,81.4916522396673,50253,3.04889049251308,49887,48.9053714559158,50154,50212,81.3570461244324,49616,1.20502371539047,49994,0.493785236680537,50407,13.9771331334241,50465,50314,40.4617936842362
Buddhist,2021,"Mental Health & Learning Disability and Mental Health, Learning Disability & Community Trusts",Religion,Trust Size,863,91.3190818069742,26.7379604084289,0.998842592592593,832,18.6445262437262,832,12.9498159613972,839,32.0461421205189,28.8732394366197,852,64.1946697566628,863,9.63995354239257,861,39.97668997669,858,864,87.3842592592593,849,1.39932177714705,853,0.677608919819022,863,16.5212119412241,864,862,48.5243148989832
Hindu,2021,"Mental Health & Learning Disability and Mental Health, Learning Disability & Community Trusts",Religion,Trust Size,2058,89.0056962872769,25.2608165188004,0.999514327343371,1979,16.6970729976073,1995,9.86387736911746,2007,24.6748369511314,99.4599901816397,2037,63.5214007782101,2056,25.1352680767339,2033,33.0248416950804,2053,2055,81.9951338199513,2023,2.23995933288421,2039,1.0129383236503,2055,13.2876095947694,2059,2053,31.765667916008
Jewish,2021,"Mental Health & Learning Disability and Mental Health, Learning Disability & Community Trusts",Religion,Trust Size,453,93.0699767812603,28.3915949638102,0.997797356828194,440,15.3999507344131,441,13.7543995506208,446,30.8371774846364,11.2612612612613,444,77.4336283185841,452,14.6993318485523,449,43.4298440979955,449,449,88.195991091314,448,0.859719083308349,451,0.842901627007279,453,9.545269183778,454,452,42.7877202789265
Muslim,2021,"Mental Health & Learning Disability and Mental Health, Learning Disability & Community Trusts",Religion,Trust Size,2923,91.2027570401004,26.4199071681787,0.997610921501706,2825,15.3601901682723,2852,9.74918792085087,2881,28.7599664428732,95.162404975812,2894,62.0512820512821,2925,15.5208333333333,2880,22.3967224308638,2929,2917,81.8992115186836,2869,2.66152243114107,2898,1.33205368859775,2925,15.9039976374576,2930,2909,37.0515679405773
Sikh,2021,"Mental Health & Learning Disability and Mental Health, Learning Disability & Community Trusts",Religion,Trust Size,841,90.4514606648223,24.9152864439746,0.996445497630332,810,18.3260957961963,820,9.16326192618263,831,20.9880870938623,99.2865636147444,841,79.2610250297974,839,5.45454545454546,825,30.2631578947368,836,837,77.5388291517324,823,1.27690261707474,827,0.604847310924683,844,10.6247474973733,844,839,36.8012378515731
Any other religion,2021,"Mental Health & Learning Disability and Mental Health, Learning Disability & Community Trusts",Religion,Trust Size,1873,91.4534054233721,28.6928130945937,1,1817,18.1780125267078,1823,12.1212888174707,1827,32.174647493602,16.4584464964693,1841,74.6372917786136,1861,2.97136682874122,1851,41.1827956989247,1860,1867,85.3776111408677,1850,1.37291319800759,1862,0.740461929878023,1868,15.3844046346098,1873,1867,49.0219648270967
I would prefer not to say,2021,"Mental Health & Learning Disability and Mental Health, Learning Disability & Community Trusts",Religion,Trust Size,7005,94.1985109663446,36.6112687760963,0.999571917808219,6795,22.1984111502099,6798,17.0721859286399,6838,32.4665793219446,22.9938995776631,6393,53.9882571960475,6983,6.8415561186466,6709,40.3761565296527,6593,6977,82.0409918302996,6891,1.23012644979336,6953,0.555448105524235,7001,15.4378632518785,7008,6979,57.4398437004711
No religion,2021,Community Trusts,Religion,Trust Size,9567,92.58569752637,31.7765872123704,0.999373237229708,9351,11.3081426807263,9392,6.86565895521916,9434,20.818407750518,3.90780513357778,9545,85.3722566418146,9523,2.1649593410075,9469,28.9603700199727,9513,9549,83.4432924913604,9477,0.495137186343015,9546,0.137646299137131,9573,6.68851408344281,9573,9536,44.4407721311173
Christian,2021,Community Trusts,Religion,Trust Size,12340,92.4512164854018,28.6199049583667,0.998947624058933,11968,13.2994622023097,12027,8.07614914748947,12098,22.2992618699329,14.045354791514301,12303,88.9901537960778,12289,2.64277532318769,12222,50.31374786081,12271,12282,84.4569288389513,12186,0.776647157190794,12278,0.359179150920568,12346,6.63103753835364,12353,12302,42.6352297185765
Buddhist,2021,Community Trusts,Religion,Trust Size,127,97.816112362062,38.6795821173294,0.9921875,125,20.2452706366033,124,16.8844386609802,124,33.2282162556669,37.7952755905512,127,74.8031496062992,127,7.08661417322835,127,42.5196850393701,127,127,86.6141732283465,126,1.3315335330398,127,0.659867291770126,128,11.8423341598398,128,126,58.2474920104038
Hindu,2021,Community Trusts,Religion,Trust Size,440,91.9161672184833,30.401316551863,0.997732426303855,429,17.8378273233101,431,12.7223631024605,433,26.5417820802154,99.3197278911565,441,73.5023041474654,434,11.441647597254,437,26.8181818181818,440,440,85,431,2.46891757426788,437,2.34388739561685,437,7.27654269921314,441,437,36.6214121854192
Jewish,2021,Community Trusts,Religion,Trust Size,85,85.8718442030922,26.5477981978151,0.85,80,8.1572950617194,81,11.3461664503609,81,22.9677690368105,9.41176470588235,85,83.5294117647059,85,3.52941176470588,85,38.8235294117647,85,85,87.0588235294118,84,0,85,0,85,3.41150675191859,100,84,29.8310212124947
Muslim,2021,Community Trusts,Religion,Trust Size,493,90.9109797969953,27.0709471759531,0.997975708502024,479,16.5434894333922,483,12.1308161817856,488,17.5233817291178,95.6878850102669,487,72.6530612244898,490,10.5042016806723,476,22.6530612244898,490,489,79.5501022494888,482,2.11889714768179,487,1.62910868421818,492,5.82438553159396,494,490,36.8457619481783
Sikh,2021,Community Trusts,Religion,Trust Size,165,92.2454409247238,29.5111578938269,0.993975903614458,164,13.2062953672963,165,7.94570316470588,166,20.049992154331,100,166,85.3658536585366,164,4.84848484848485,165,29.8780487804878,164,165,77.5757575757576,164,0,165,0,165,7.09876786332136,166,164,36.9650998264533
Any other religion,2021,Community Trusts,Religion,Trust Size,320,93.8599161308272,32.9697445337579,1,313,19.9288431555196,315,11.2962943383078,317,25.5192842523102,24.2138364779874,318,85.2664576802508,319,3.13479623824451,319,41.8238993710692,318,316,81.9620253164557,316,1.68771740714833,320,0.282020291141421,320,10.0680998354653,320,320,50.0827797768339
I would prefer not to say,2021,Community Trusts,Religion,Trust Size,1390,95.3533967481497,37.9044749823043,1,1347,20.8942334152496,1352,17.578190828302,1369,28.047440055642,21.6612377850163,1228,59.680928208847,1379,3.44827586206897,1305,41.7591125198098,1262,1379,83.6113125453227,1373,1.32923162475788,1380,0.495374713366175,1388,8.97032354448309,1390,1380,55.9737574485951
No religion,2021,Ambulance Trusts,Religion,Trust Size,13275,96.0860302924545,50.2158378931239,0.999698772497929,12989,17.8787952213023,13071,14.0180352953926,13121,49.109152980091,2.80380894800483,13232,51.4762516046213,13243,0.0833522770326589,13197,16.9357272178636,13256,13242,82.9406434073403,13139,1.44567531239312,13193,0.673383086635909,13265,33.5239719880027,13279,13257,58.7658666968742
Christian,2021,Ambulance Trusts,Religion,Trust Size,9555,94.5718908199691,42.1012215515354,0.999895353704479,9311,18.6087707389966,9333,14.6098021644498,9393,41.3477559669918,5.18947368421053,9500,50.7605161019616,9533,0.190013723213343,9473,37.4083385711293,9546,9544,78.4786253143336,9456,2.20799573088232,9492,0.928281464689462,9556,27.5153204910044,9556,9547,53.7240703965573
Buddhist,2021,Ambulance Trusts,Religion,Trust Size,120,93.5819285204419,58.1144727679564,1,116,26.9084619509892,118,23.8127069426512,119,54.2757743930991,14.6551724137931,116,37.6068376068376,117,0,120,25.8333333333333,120,119,81.5126050420168,119,3.94625874346038,120,2.72088904329337,120,41.5348906452756,120,120,70.0592358059745
Hindu,2021,Ambulance Trusts,Religion,Trust Size,101,92.1747522008788,37.5568945171068,1,100,15.96417835882,100,18.3984867185319,101,32.0693824110231,94.8979591836735,98,49,100,0,100,24.7524752475248,101,100,54,99,6.46022797999282,100,6.83374717372567,101,14.27022995174,101,100,37.5453627126669
Jewish,2021,Ambulance Trusts,Religion,Trust Size,45,96.2466508872344,49.6356179441295,0.458478846875408,45,29.7993035242517,45,32.2279264623149,44,41.4468050688992,8.88888888888889,45,31.1111111111111,45,0,45,22.2222222222222,45,45,80,44,1.84934309035026,45,3.84448657696886,45,26.2476346429957,98.1506569096497,45,63.8962707231099
Muslim,2021,Ambulance Trusts,Religion,Trust Size,391,94.9619778355464,40.0832486739372,0.994910941475827,381,20.7265371417934,384,15.4486645922098,383,40.0013978916438,92.8759894459103,379,39.030612244898,392,0.260416666666667,384,10.4325699745547,393,393,68.9567430025445,383,2.89365053543825,388,1.45426624982414,391,17.1481970321759,393,393,45.5911929958312
Sikh,2021,Ambulance Trusts,Religion,Trust Size,83,94.0634626192987,40.8873145403776,0.841833730451273,82,19.3238789017837,81,16.1184681622802,82,33.9131644265665,95.0617283950617,81,48.780487804878,82,0,79,25.609756097561,82,83,66.2650602409638,82,4.21712626492035,82,1.40570875497345,82,15.2856769788193,98.5942912450266,82,52.8934784478015
Any other religion,2021,Ambulance Trusts,Religion,Trust Size,407,96.4503778836298,50.6406456975816,0.997549019607843,398,27.5708706061099,397,20.9723022222049,400,50.0079706418811,10.2244389027431,401,41.5422885572139,402,0.25,400,29.5566502463054,406,408,80.3921568627451,397,3.01808411685334,401,2.96249660924256,406,37.8075564939557,408,405,65.0827517674907
I would prefer not to say,2021,Ambulance Trusts,Religion,Trust Size,1445,96.8136057859808,55.5104271382501,0.995864920744314,1401,25.619597315211,1412,25.932815400345,1421,50.4755880509886,14.3820224719101,1335,28.9473684210526,1444,0.0712250712250712,1404,25.6062767475036,1402,1442,78.6407766990291,1429,3.20435225267605,1436,1.20509968444419,1451,32.4311706237823,1451,1450,69.6196227417331
No religion,2021,Acute Specialist Trusts,Religion,Trust Size,5285,92.8713682096831,31.6985327999141,0.998865998865999,5202,16.7069188186147,5230,9.23421096670485,5237,17.5995716029458,8.05076719075582,5279,72.9289099526066,5275,7.58766047135467,5219,19.5903660155509,5273,5281,73.7739064571104,5242,0.798168345475077,5266,0.219195944945412,5284,5.0677929127406,5291,5268,43.1293917953638
Christian,2021,Acute Specialist Trusts,Religion,Trust Size,7523,91.9919657664799,29.3830297083443,0.999734219269103,7365,19.0619810487295,7389,11.3215858408191,7445,19.5409720536957,21.7856188184977,7482,80.4878048780488,7503,6.81018142431627,7386,37.3710304167225,7463,7483,78.0435654149405,7390,1.51758846707733,7449,0.623524599860033,7518,6.11886645315654,7525,7485,40.6691819747335
Buddhist,2021,Acute Specialist Trusts,Religion,Trust Size,103,94.9590667577402,30.86568823084,0.990384615384615,103,19.4526494794239,103,11.2546304960799,102,20.7950151622284,70.1923076923077,104,59.6153846153846,104,18.6274509803922,102,27.1844660194175,103,100,74,102,1.9409704568788,103,0.9631398152993,104,5.37997977314687,104,103,39.8963955262133
Hindu,2021,Acute Specialist Trusts,Religion,Trust Size,499,88.4850504652583,26.9902906701258,0.998,490,19.6438756607809,490,13.2734697307968,496,17.0742997475322,99.3975903614458,498,65.3144016227181,493,29.0650406504065,492,23.4468937875751,499,498,78.3132530120482,497,1.9816281746119,496,0.820395491848757,499,5.45822332467337,500,494,32.6142541051344
Jewish,2021,Acute Specialist Trusts,Religion,Trust Size,100,90.2191141518836,27.2317026443343,0.99009900990099,100,22.3191678249699,100,13.7723326164924,100,16.3574457868752,14.1414141414141,99,65.3465346534654,101,23,100,35,100,101,85.1485148514851,99,1.97189424545724,98,0.99735142363852,100,6.68706094955054,101,98,38.8118744474271
Muslim,2021,Acute Specialist Trusts,Religion,Trust Size,595,90.5331428276368,31.6538205171115,0.993322203672788,586,20.9717203917554,594,12.3343608119331,598,17.3764748822488,95.4159592529711,589,61.4740368509213,597,19.1379310344828,580,14.1414141414141,594,595,72.1008403361345,587,1.90042502071593,593,0.681844930522971,598,3.81001039850844,599,591,43.5821522517238
Sikh,2021,Acute Specialist Trusts,Religion,Trust Size,60,96.665426831989,23.1481462509599,0.616321235169238,60,15.9642699989474,59,14.2995757721995,60,14.4831997139815,100,59,60,60,20.3389830508475,59,21.6666666666667,60,60,73.3333333333333,59,4.44138738504066,60,2.6481701810511,60,4.13305412074112,97.3518298189489,60,36.7683499772325
Any other religion,2021,Acute Specialist Trusts,Religion,Trust Size,210,89.8139627639847,34.5230972833202,1,207,27.3522101191179,209,14.8812298891004,210,20.2904580991775,34.2857142857143,210,71.7703349282297,209,3.84615384615385,208,29.3269230769231,208,210,78.0952380952381,208,1.94755279242688,209,0.491883445611535,210,7.39091046972585,210,209,47.2944746288648
I would prefer not to say,2021,Acute Specialist Trusts,Religion,Trust Size,975,95.3079746591286,40.9126288164423,0.996932515337423,948,24.9584456445317,953,20.889699104665,962,22.1444462570523,34.0546697038724,878,45.9320288362513,971,11.2938596491228,912,29.1946308724832,894,973,72.0452209660843,958,1.30163108063039,968,0.733514995513801,978,5.48831618807679,978,970,57.8771443107307
No religion,2022,Acute and Acute & Community Trusts,Religion,Organisation Size,156461,93.7822198575761,37.3278590979929,0.99948256697883,154640,17.476329803705,155295,10.2094351536677,156125,26.5081128954772,5.5349892906237,156405,77.4093549647412,156131,7.59954714539867,154575,24.0740147491302,156077,155770,78.7751171599153,154399,1.15305519633971,155310,0.475875865424314,156327,14.4522482053581,156542,156129,46.0928455845456
Christian,2022,Acute and Acute & Community Trusts,Religion,Organisation Size,201867,92.5379094077431,32.4078901843862,0.999079449451382,199091,20.2238549037759,199822,11.3031593940369,201330,28.1224625277326,26.053411874374,201678,82.1980518192279,201624,6.24927989259755,199623,41.2600959675737,201318,200963,81.8334718331235,198936,2.19687765133662,200084,0.946842499654579,201772,14.7837012361222,202053,201483,43.2200958709259
Buddhist,2022,Acute and Acute & Community Trusts,Religion,Organisation Size,2955,91.6015307019204,33.7000945458619,0.997973657548126,2917,23.507532979289,2924,13.9319579472951,2946,30.4304509955178,71.5499660095173,2942,68.6718485974991,2959,28.2831737346101,2924,29.9559471365639,2951,2946,80.3462321792261,2914,3.55657139509034,2929,1.43986519661212,2952,15.5819439209789,2961,2944,42.838001555049
Hindu,2022,Acute and Acute & Community Trusts,Religion,Organisation Size,12100,90.1618909314553,30.6551243148874,0.998679432155827,11956,21.1555590654322,12003,11.9267237951831,12090,24.3587680920243,99.6281913575147,12103,63.7252464992957,12069,34.7407221244869,11937,23.8138610582098,12077,12031,81.5975396891364,11930,2.65924227991198,11994,1.23469818674367,12084,10.9769138089952,12116,12081,35.5348727649192
Jewish,2022,Acute and Acute & Community Trusts,Religion,Organisation Size,1149,92.0453398711835,34.1154287370279,0.997395833333333,1137,22.1783811425349,1136,16.0499116606747,1144,30.9235036127544,14.2608695652174,1150,65.9407665505226,1148,32.6029798422436,1141,38.1533101045296,1148,1147,85.4402789886661,1138,2.01013013498994,1145,1.18102244457403,1151,11.7764995278866,1152,1150,43.8573519696566
Muslim,2022,Acute and Acute & Community Trusts,Religion,Organisation Size,15173,92.2109487082374,37.092163148439,0.99828936114218,14933,23.4061741986443,15002,13.5622358203927,15167,25.7392293228246,95.5614266842801,15140,59.5872346037188,15166,29.3775878188861,14974,16.2105124315769,15163,15085,79.7348359297315,14972,3.07541631343949,15027,1.54475803612803,15176,11.417217980148,15199,15138,46.1909333306261
Sikh,2022,Acute and Acute & Community Trusts,Religion,Organisation Size,2669,90.855662980266,32.2839030236035,1,2625,20.3010726282535,2640,12.5987809722158,2665,20.3982153310121,98.8734509951183,2663,79.7592174567344,2658,10.1393188854489,2584,31.3348416289593,2652,2640,73.75,2613,3.289354739125,2636,1.59860948437139,2666,9.69030898560976,2669,2654,37.9415711609481
Any other religion,2022,Acute and Acute & Community Trusts,Religion,Organisation Size,7060,92.8778495699137,35.5288914265758,0.999575251309642,6959,24.8557110840514,6975,13.1604877059731,7026,32.1849785330076,35.4554497655251,7037,74.9680896326762,7051,3.84119248960871,6977,34.8635588402501,7036,7021,81.1707733941034,6949,3.01870967931465,6989,1.24868679002704,7050,18.1177550391058,7063,7031,49.7149030823796
I would prefer not to say,2022,Acute and Acute & Community Trusts,Religion,Organisation Size,24464,95.1332586854551,43.0731110780328,0.999223951313156,24080,28.0263064646331,24159,20.2158202505856,24328,31.3925996766496,31.3540976364038,22635,50.0389360219681,24399,12.4531835205993,23496,33.0588133839255,23192,24354,77.8188387944486,24112,2.67149645107058,24265,1.3800272773682,24450,14.1588961327008,24483,24410,56.3388244259499
No religion,2022,Community Trusts,Religion,Organisation Size,9493,91.8121837815965,29.2633105885068,0.999368354563638,9351,10.8763475246493,9426,6.59823368998221,9483,20.4684979264101,4.34507487871757,9482,85.2462481504967,9462,1.79710761378137,9404,28.9518174133559,9464,9469,83.8314499947196,9325,0.545884800967073,9401,0.232465126700518,9488,6.88588069224888,9499,9485,40.0409299435067
Christian,2022,Community Trusts,Religion,Organisation Size,11608,91.4053898100545,26.0542666385089,0.999655528763348,11412,12.9361427620303,11472,7.4371226187161,11570,21.9128445826953,15.9616712707182,11584,88.6440238527353,11571,2.49760682273083,11491,49.6451445386879,11554,11540,84.8093587521664,11373,0.786193860217182,11477,0.43672728660124,11601,7.37204369059333,11612,11570,38.5559221623428
Buddhist,2022,Community Trusts,Religion,Organisation Size,133,91.8963620738885,32.1952967805963,1,130,15.3732006204389,131,13.588037238113,133,25.8297661824176,40.1515151515151,132,73.2824427480916,131,6.76691729323308,133,48.8721804511278,133,132,88.6363636363636,131,2.34498514796628,129,1.7434234573859,133,9.88462997728574,133,133,49.1933539277239
Hindu,2022,Community Trusts,Religion,Organisation Size,462,90.1652917179319,28.8980563197479,0.997840172786177,447,13.9668908519296,452,9.64405592932432,456,18.4284258599799,99.5670995670996,462,77.3913043478261,460,9.55555555555556,450,26.6233766233766,462,459,87.5816993464052,449,2.27115512275974,457,0.63866362529231,462,7.171991834083,463,463,34.6542670790789
Jewish,2022,Community Trusts,Religion,Organisation Size,83,89.7552542628193,32.5506763304608,0.839093105937646,82,6.18147320848611,82,6.18775913217267,82,18.3780146354105,12.0481927710843,83,76.5432098765432,81,6.02409638554217,83,36.5853658536585,82,83,86.7469879518072,78,1.14258084420406,82,1.08368259413659,83,6.07395541319381,98.9163174058634,83,30.9172543704901
Muslim,2022,Community Trusts,Religion,Organisation Size,526,92.9251681705531,29.9995068989878,1,514,16.9205328145601,516,8.8521762609751,524,20.1756829625451,95.2380952380952,525,75.0476190476191,525,7.84313725490196,510,21.3333333333333,525,524,81.2977099236641,515,1.15674193616911,515,0.386212831793245,524,8.4265758102503,526,524,40.9946129619379
Sikh,2022,Community Trusts,Religion,Organisation Size,174,91.7844201715077,33.49963082414,1,173,13.2192801840813,173,12.6049900943547,174,25.4084123489483,98.8439306358381,173,86.046511627907,172,5.95238095238095,168,24.8554913294798,173,173,77.4566473988439,170,0,174,0,173,8.99231824112645,174,174,41.6732472558682
Any other religion,2022,Community Trusts,Religion,Organisation Size,322,89.8694833467201,27.4434744063258,0.990769230769231,318,17.3745116579633,318,7.10046584698422,320,22.7769754340159,21.8461538461539,325,83.8509316770186,322,3.1055900621118,322,37.888198757764,322,322,86.0248447204969,319,0.384715158462384,321,0,323,9.95159477986455,325,323,38.9725215404998
I would prefer not to say,2022,Community Trusts,Religion,Organisation Size,1456,94.1201803469931,38.2893104709934,1,1419,19.6384797663907,1427,13.8573384522167,1445,27.0447568161392,22.4382946896036,1337,52.9045643153527,1446,3.58187134502924,1368,43.2291666666667,1344,1444,83.3102493074792,1425,0.959218391695458,1435,0.496938079106002,1454,8.23464080721537,1456,1449,54.1769801335488
No religion,2022,Acute Specialist Trusts,Religion,Organisation Size,5178,93.3300527572947,32.4041305474948,0.998842592592593,5126,16.5405333769451,5145,8.74348235577833,5168,17.9215355247761,8.21097372488407,5176,73.2160123767163,5171,6.50470219435737,5104,21.0923881464265,5163,5154,74.1948001552193,5114,0.817414131947345,5151,0.318492044779049,5173,5.88230549360527,5184,5168,42.7457460979236
Christian,2022,Acute Specialist Trusts,Religion,Organisation Size,7111,92.1332947530987,29.9203349325177,0.999156948152311,7028,19.026651856664,7045,10.4369021072306,7096,20.4700106365001,22.3285935520203,7103,81.4882543255029,7109,6.11895592640137,7011,37.5229228382,7089,7071,78.3057559043982,7018,1.57749101536845,7059,0.652138598442633,7110,5.74320352422555,7117,7107,39.6780805953618
Buddhist,2022,Acute Specialist Trusts,Religion,Organisation Size,94,91.526833511097,28.632096827691502,0.951587155297853,91,19.9900099503191,94,8.34693185292436,94,20.554683141667,71.2765957446808,94,62.7659574468085,94,22.3404255319149,94,21.2765957446809,94,94,69.1489361702128,93,1.21766621515881,94,1.22981455243297,94,4.31495556702058,98.7823337848412,94,34.4690210910727
Hindu,2022,Acute Specialist Trusts,Religion,Organisation Size,430,90.4697491048885,27.9048299476065,0.997679814385151,426,18.6904228570989,430,12.8636869721247,429,17.2403315340489,99.5327102803738,428,64.3026004728132,423,27.6595744680851,423,24.4186046511628,430,426,76.056338028169,428,1.42857264809021,429,0.424128598325765,431,3.08107208161907,431,427,29.6031739238439
Jewish,2022,Acute Specialist Trusts,Religion,Organisation Size,86,96.6137250867016,27.4988580438658,0.871359726094144,85,19.2145375107742,85,10.7483628739771,86,15.852189112847901,10.4651162790698,86,69.7674418604651,86,28.2352941176471,85,37.2093023255814,86,85,81.1764705882353,85,2.44589532726073,86,1.30367811983503,86,3.71768684488019,98.696321880165,86,31.9429474182479
Muslim,2022,Acute Specialist Trusts,Religion,Organisation Size,563,92.090694702212,34.2632520544624,0.99646017699115,557,20.5222164951362,554,11.7237971125246,563,18.6731475327951,93.3212996389892,554,62.9432624113475,564,16.6064981949458,554,15.8928571428571,560,563,73.8898756660746,551,2.43600838998516,551,0.520194902467949,562,3.9602594965265,565,564,41.4118220538679
Sikh,2022,Acute Specialist Trusts,Religion,Organisation Size,66,95.6001039995236,21.3563640820521,0.669596383415839,66,19.4580550141447,66,11.8296157077232,66,7.88324554855724,100,66,60.6060606060606,66,18.4615384615385,65,21.2121212121212,66,66,54.5454545454545,66,1.4331593857907,66,1.4331593857907,66,3.17483415983114,98.5668406142093,65,32.7973053206278
Any other religion,2022,Acute Specialist Trusts,Religion,Organisation Size,199,91.5118742065788,26.1140196545192,0.995,198,26.2018486401301,199,13.5001110999302,200,20.7985743687298,33.8383838383838,198,73.5,200,3.53535353535354,198,36.5,200,200,78,198,2.16821990133603,200,1.10609481208556,200,6.56507875723837,200,198,40.1695964753516
I would prefer not to say,2022,Acute Specialist Trusts,Religion,Organisation Size,1031,94.6680972787258,38.1401585145739,0.996135265700483,1020,25.4880271716128,1026,17.8156910305888,1028,20.6028899684313,31.1965811965812,936,46.1089494163424,1028,11.6445352400409,979,28.2765737874097,969,1027,74.3914313534567,1024,1.3959918912973,1031,0.593279860693912,1035,3.71862458230522,1035,1034,52.7947578929605
No religion,2022,"Mental Health & Learning Disability and Mental Health, Learning Disability & Community Trusts",Religion,Organisation Size,48287,92.8870244171346,29.4148843380482,0.999399784750393,47685,12.4584826735609,47960,7.36431767967038,48183,25.3916770868318,5.16008703761268,48255,78.8860990641406,48191,2.93803754159081,47787,27.3607245232853,48142,48124,83.565372786967,47596,0.836419693075172,47897,0.304220770642388,48257,13.9013131090828,48316,48233,43.2366036782085
Christian,2022,"Mental Health & Learning Disability and Mental Health, Learning Disability & Community Trusts",Religion,Organisation Size,49259,90.8769083538802,24.8938552483498,0.998864442867282,48546,14.6990805899577,48733,8.22811321635449,49141,26.0113667561519,18.9802678371843,49209,81.7540507023928,49189,2.85895937160319,48759,48.9771801140994,49080,49065,82.2582288800571,48521,1.51337565357821,48800,0.577407761920782,49258,14.13393681733,49315,49176,39.0407770221422
Buddhist,2022,"Mental Health & Learning Disability and Mental Health, Learning Disability & Community Trusts",Religion,Organisation Size,788,93.3945993463453,30.862048349652,0.99873257287706,777,17.824536995982,779,12.9051742349097,785,29.497936847991,31.8471337579618,785,66.243654822335,788,8.98587933247754,779,44.3312101910828,785,787,89.3265565438374,776,1.70030994496069,784,0.506041503635728,785,14.0251833968586,789,789,46.8629455473933
Hindu,2022,"Mental Health & Learning Disability and Mental Health, Learning Disability & Community Trusts",Religion,Organisation Size,2022,88.7009290093729,24.3264760221804,0.99901185770751,1985,16.934319569643,2003,9.29821138706441,2015,24.7455154667221,99.3557978196234,2018,64.6884272997033,2022,22.7568922305764,1995,32.5408618127786,2019,2020,82.2772277227723,1987,2.14968367224444,2003,0.838913788128153,2021,12.8725085523347,2024,2012,30.684625827659
Jewish,2022,"Mental Health & Learning Disability and Mental Health, Learning Disability & Community Trusts",Religion,Organisation Size,428,91.8768447508629,32.4889812981426,0.997668997668998,422,20.3598086461693,421,13.5119198155517,426,23.7727745516018,14.3192488262911,426,75.7575757575758,429,12.7358490566038,424,43.4988179669031,423,427,88.7587822014052,423,1.41237191919319,426,0.419163845345182,427,11.8791289392362,429,429,43.8161891206872
Muslim,2022,"Mental Health & Learning Disability and Mental Health, Learning Disability & Community Trusts",Religion,Organisation Size,2851,89.9589828534634,28.7048379625505,0.999298983526113,2795,16.9009100710771,2815,9.3234301655481,2839,27.2918257153263,94.8591549295775,2840,63.3298208640674,2847,14.2551674982181,2806,21.8617771509168,2836,2826,81.9532908704883,2793,2.36524192940024,2814,0.745634070480179,2846,17.1212921477622,2853,2844,36.7008755407272
Sikh,2022,"Mental Health & Learning Disability and Mental Health, Learning Disability & Community Trusts",Religion,Organisation Size,736,90.4809074749741,27.0947560958547,0.995940460081191,723,19.3710439817239,725,10.073558578107,736,19.712640661224,99.3234100135318,739,80.1899592944369,737,5.32212885154062,714,30.9264305177112,734,730,75.8904109589041,717,3.0229968114305,723,1.15880831707,736,10.7414763400501,739,733,33.9992931298351
Any other religion,2022,"Mental Health & Learning Disability and Mental Health, Learning Disability & Community Trusts",Religion,Organisation Size,1801,91.1634736750465,29.1190126669929,0.998890737659456,1782,19.4116517263932,1786,12.7341779174271,1793,30.1202612920454,17.0189098998888,1798,73.6403995560488,1802,2.75745638716939,1777,42.6577331099944,1791,1788,84.675615212528,1770,1.33883968292358,1780,0.612038591949585,1799,16.4313066845258,1803,1793,47.6229027785026
I would prefer not to say,2022,"Mental Health & Learning Disability and Mental Health, Learning Disability & Community Trusts",Religion,Organisation Size,7570,94.6569754329136,37.4566019150815,0.99868073878628,7429,21.0622078618419,7472,16.4494453777871,7529,30.8087304449189,23.2805755395683,6950,50.6811268350747,7561,5.84397556912826,7204,39.5889060960158,7103,7536,82.7229299363057,7418,1.4841924293849,7472,0.704572979910779,7560,14.6687389969507,7580,7557,55.7277820113542
No religion,2022,Ambulance Trusts,Religion,Organisation Size,13564,95.7979419813649,47.8042056048878,0.999852572607991,13389,17.3680861369217,13480,13.2768147349542,13545,46.9474326960861,3.30432217141171,13558,53.1192321889996,13545,0.0444707975096353,13492,17.760731671338,13558,13539,83.0268114336362,13373,1.79068918482146,13447,0.837349919427936,13557,32.3126368501253,13566,13558,56.3161926005344
Christian,2022,Ambulance Trusts,Religion,Organisation Size,9281,94.0948223904957,40.4736380408445,0.999784552407627,9159,18.2210509826938,9195,14.4393521670907,9267,40.5711304200129,6.31669720814918,9277,51.8846527702776,9259,0.216990343929695,9217,39.4135403191031,9276,9266,78.5128426505504,9140,2.11511921187582,9177,1.2317197150542,9265,26.9619402507609,9283,9281,51.4309340576782
Buddhist,2022,Ambulance Trusts,Religion,Organisation Size,127,93.4879140589332,52.185238094354,1,124,26.1287994105831,124,19.637559232335,127,46.359451038455,13.3858267716535,127,37.7952755905512,127,0,125,30.1587301587302,126,126,84.1269841269841,127,3.91720308572539,125,0.615903096246072,127,38.2419440614767,127,127,71.8277852869306
Hindu,2022,Ambulance Trusts,Religion,Organisation Size,98,92.2583740471769,35.3381113326937,0.98989898989899,97,14.438925044923,98,17.6284397503298,98,31.1200472526024,93.9393939393939,99,54.0816326530612,98,1.04166666666667,96,25.2525252525253,99,99,59.5959595959596,99,1.7458909025372,99,2.90577197818781,98,11.1103705403163,99,99,44.0756108494206
Jewish,2022,Ambulance Trusts,Religion,Organisation Size,49,96.3897415299049,47.4041445331799,0.50677822973555,49,26.9699646290167,49,26.3736042972619,49,49.2108837131354,10.2040816326531,49,39.5833333333333,48,0,49,30.6122448979592,49,49,87.7551020408163,48,3.37170224623058,49,3.31076371301616,48,28.2741374063781,96.6892362869838,49,57.6080538496416
Muslim,2022,Ambulance Trusts,Religion,Organisation Size,412,94.3338504269844,42.4282790878329,0.997578692493947,406,21.3760350521855,410,16.0333200031277,411,41.9469778942885,90.2912621359223,412,42.9611650485437,412,0.25,400,13.0750605326877,413,411,72.2627737226277,412,4.09631995611491,412,2.77188164175165,412,17.437037667179,413,412,52.8237717468433
Sikh,2022,Ambulance Trusts,Religion,Organisation Size,70,94.552198194847,40.5316774965815,0.721458503676485,67,22.1524020922366,69,19.3919546309136,69,39.5535837378799,98.5714285714286,70,51.4285714285714,70,0,68,31.4285714285714,70,70,71.4285714285714,69,3.62942212176534,69,2.97432264879197,69,25.6296499057499,97.025677351208,70,44.479472214
Any other religion,2022,Ambulance Trusts,Religion,Organisation Size,412,95.4617329279615,47.4902096520684,1,408,23.8246074056778,410,18.4142637942176,412,48.3980073636111,8.49514563106796,412,37.8048780487805,410,0.24330900243309,411,32.0388349514563,412,410,85.3658536585366,406,3.71030557327964,410,3.08080351895549,412,36.4264713716511,412,411,63.6389353547503
I would prefer not to say,2022,Ambulance Trusts,Religion,Organisation Size,1551,96.8566862835081,55.1038928918276,0.998712169993561,1520,24.2857907889176,1535,25.6062037426515,1544,48.8488156414182,14.1868512110727,1445,28.8673139158576,1545,0.0660938532716457,1513,28.1102891728312,1487,1547,77.7634130575307,1520,2.98180224076896,1536,2.41277935615638,1551,32.3967512242202,1553,1553,67.2676587122562
No religion,2023,Acute and Acute & Community Trusts,Religion,Organisation Size and Occupation Group,172525,92.9657823544079,33.3844787063705,0.998980897620743,165781,16.4456558608498,166184,9.07065368564622,167053,23.5612045158411,5.83071954917297,172483,77.1125921707854,172099,6.71167733223742,170330,24.9239697390839,171971,171896,78.7697212267883,164250,1.13643994180114,165743,0.420907159303752,167157,13.0772850857266,172701,172020,42.6607547573571
Christian,2023,Acute and Acute & Community Trusts,Religion,Organisation Size and Occupation Group,220873,91.4032346757525,28.6764067285664,0.998228368698167,210659,18.8819805194381,210938,9.98439509262164,212754,25.6448552488144,30.5944554939902,220723,81.1122446666213,220545,5.13817518983632,218346,40.3555329358732,220064,220203,81.7532004559429,209047,2.17033722320765,210615,0.861793978520637,212720,14.0311659804097,221265,220052,40.127905095879
Buddhist,2023,Acute and Acute & Community Trusts,Religion,Organisation Size and Occupation Group,3575,90.1797377070708,27.9668838117247,0.998045784477945,3374,21.0933346823694,3382,9.49441724653974,3414,26.6501417998827,76,3550,69.958041958042,3575,19.7839681637294,3518,27.8199718706048,3555,3557,78.7461343829069,3364,3.32719974342085,3381,1.63788672473565,3414,13.46903434182,3582,3565,35.6230678438616
Hindu,2023,Acute and Acute & Community Trusts,Religion,Organisation Size and Occupation Group,15014,88.2970045383668,26.9446765321268,0.997409154321398,14226,18.5799749194912,14275,10.2947382956353,14398,22.2581482572063,99.6146947452335,15053,65.4315228257248,15005,25.3135536075523,14830,22.0718618758749,15001,14985,81.2412412412412,14122,2.65235327799775,14255,1.35885246303778,14374,11.4957328621332,15053,14960,32.4457780578276
Jewish,2023,Acute and Acute & Community Trusts,Religion,Organisation Size and Occupation Group,1282,91.1448190487792,32.0000191441838,0.998442367601246,1219,21.0737006334424,1223,16.1716300963639,1226,26.9575457248582,14.7798742138365,1272,65.0743931088489,1277,31.7610062893082,1272,38.1176470588235,1275,1272,86.1635220125786,1209,2.27136443104496,1219,1.25228679249371,1230,11.2624446990435,1284,1272,41.13017762788
Muslim,2023,Acute and Acute & Community Trusts,Religion,Organisation Size and Occupation Group,18498,91.0011502137703,33.3664893500565,0.997627008952648,17445,21.0238589782006,17476,11.8714990241648,17609,22.3445215473528,95.4680977936792,18447,60.9511957580348,18482,20.6630260907938,18129,15.5565198524626,18436,18400,78.820652173913,17239,2.85298044800393,17426,1.37918399995262,17617,10.3813936796019,18542,18394,43.179470503818
Sikh,2023,Acute and Acute & Community Trusts,Religion,Organisation Size and Occupation Group,2832,89.5760989179088,30.3168539336589,0.996130847696096,2690,18.7837798681512,2694,11.7313209039109,2726,18.6595009796966,99.1909954273655,2843,79.2981212336051,2821,7.9100145137881,2756,29.8401420959147,2815,2822,72.1474131821403,2672,2.98041604444396,2686,1.49550237446307,2730,9.3152867802261,2843,2811,35.4647616880887
Any other religion,2023,Acute and Acute & Community Trusts,Religion,Organisation Size and Occupation Group,7744,92.1120795779974,31.7779819120526,0.999483737738771,7349,23.1798964609918,7356,11.4130423410917,7419,29.259773139124,38.2931882931883,7722,74.7604247604248,7722,3.1172557714882,7667,34.2423061940008,7701,7705,80.7527579493835,7275,2.94096490976142,7337,1.04325067355359,7404,16.5181679956144,7748,7710,46.899821121739
I would prefer not to say,2023,Acute and Acute & Community Trusts,Religion,Organisation Size and Occupation Group,27717,94.4228704964945,40.4567196985395,0.998558922073711,26423,26.6953269480346,26416,18.1060319600593,26631,28.2367098097569,32.9087467465888,25358,47.8430663532815,27655,10.6011464775984,26516,33.0003062318175,26124,27553,77.5269480637317,26243,2.46761823863433,26429,1.2027757491239,26689,13.1791189651958,27757,27584,54.0720248854053
No religion,2023,"Mental Health & Learning Disability and Mental Health, Learning Disability & Community Trusts",Religion,Organisation Size and Occupation Group,53683,92.1703214080169,26.8147481782732,0.999236840145931,52571,12.193106430683,52785,6.76543505038994,53044,22.5984888867658,5.70155818981586,53652,78.991784914115,53560,2.38381711535569,53192,27.7023488928785,53472,53494,83.7589262347179,51998,0.712973936370105,52526,0.26400514497918,53060,12.4675474963882,53724,53576,40.9463467599954
Christian,2023,"Mental Health & Learning Disability and Mental Health, Learning Disability & Community Trusts",Religion,Organisation Size and Occupation Group,53418,90.2676883670789,22.6182197029869,0.998224730439332,52087,13.8329695741403,52241,7.70096435928838,52708,24.6402656917843,23.582889705331,53348,80.7071180718372,53315,2.10583969177306,52948,47.6831764993144,53241,53233,83.0650160614656,51539,1.40053258851869,52055,0.501535889583266,52694,14.2270343936227,53513,53316,36.5711643688023
Buddhist,2023,"Mental Health & Learning Disability and Mental Health, Learning Disability & Community Trusts",Religion,Organisation Size and Occupation Group,900,92.3275687697875,28.2891579263825,0.99889012208657,881,17.2010161882704,889,10.3428864790911,888,27.7809849038905,37.6811594202899,897,66.369710467706,898,6.95067264573991,892,44.1209406494961,893,893,87.458006718925,874,1.71479639546016,882,0.70584964477284,892,14.1790739768965,901,892,45.9634999399333
Hindu,2023,"Mental Health & Learning Disability and Mental Health, Learning Disability & Community Trusts",Religion,Organisation Size and Occupation Group,2438,88.66180041756,23.7798820264575,0.997953336062219,2374,14.8562781160052,2377,7.96436775588604,2405,22.8232376470157,99.1396968455551,2441,66.0626029654036,2428,16.3205980066445,2408,30.3865131578947,2432,2424,82.6320132013201,2359,2.05189509332992,2383,0.829152674819809,2400,13.5397771718888,2443,2434,29.3522872677909
Jewish,2023,"Mental Health & Learning Disability and Mental Health, Learning Disability & Community Trusts",Religion,Organisation Size and Occupation Group,453,92.846471789988,24.8562184537126,0.993421052631579,448,17.8737475172085,447,9.6854400626458,450,22.7036279067116,18.7637969094923,453,74.8344370860927,453,11.0864745011086,451,43.4878587196468,453,451,87.139689578714,442,0.362417619967502,446,0.259959373684495,451,11.2133343981937,456,456,36.8552025215631
Muslim,2023,"Mental Health & Learning Disability and Mental Health, Learning Disability & Community Trusts",Religion,Organisation Size and Occupation Group,3831,90.2727884200718,25.0155598079999,0.998436278342455,3686,16.3865840813478,3704,8.55246475420694,3751,25.6444987753832,95.4891161814844,3813,64.0428870292887,3824,8.92667375132837,3764,20.4616998950682,3812,3816,81.9182389937107,3653,2.55097131392425,3690,1.22295839827824,3740,15.9275081034819,3837,3814,34.6987860085639
Sikh,2023,"Mental Health & Learning Disability and Mental Health, Learning Disability & Community Trusts",Religion,Organisation Size and Occupation Group,875,88.9861409357822,26.1847890246822,0.992063492063492,858,15.1873444461156,857,9.00093987040188,864,16.3110621928826,99.0857142857143,875,81.859410430839,882,3.9906103286385,852,30.6378132118451,878,871,74.3972445464983,848,1.15157579879795,849,0.468313744258069,866,8.98558476284674,882,874,34.5519010515416
Any other religion,2023,"Mental Health & Learning Disability and Mental Health, Learning Disability & Community Trusts",Religion,Organisation Size and Occupation Group,2016,88.8775547872184,26.084649296105,1,1969,19.6978722074759,1978,10.3158094756689,1993,27.276992737862,17.8198108511697,2009,73.6580516898608,2012,1.85370741482966,1996,41.6791604197901,2001,1993,85.6497742097341,1957,1.70280558331704,1977,0.661103709856476,1997,14.9928029626847,2016,2004,44.7483582944443
I would prefer not to say,2023,"Mental Health & Learning Disability and Mental Health, Learning Disability & Community Trusts",Religion,Organisation Size and Occupation Group,8227,94.5721450416469,35.8094447671088,0.998907236522584,7997,21.0995412777831,8004,15.4066901481802,8073,28.6852125213258,25.2812706816678,7555,50.1035448897551,8209,4.37428680106504,7887,39.4320539419087,7712,8193,82.7779812034664,7910,1.55159209702769,7998,0.670713794451487,8096,13.8471184332375,8236,8203,54.136082121709
No religion,2023,Community Trusts,Religion,Organisation Size and Occupation Group,10929,91.2235003708824,26.3241286316151,0.99890320811626,10625,10.285414786102,10657,5.36132776896896,10716,17.30726205778,4.8858740489504,10909,84.4217874529255,10887,1.02673203218944,10811,28.4689655172414,10875,10890,84.2240587695133,10507,0.418180133120245,10594,0.13720718598735,10711,7.02672353055631,10941,10902,37.7971381943298
Christian,2023,Community Trusts,Religion,Organisation Size and Occupation Group,12982,90.4306015499838,23.1155483063118,0.999230295566502,12582,12.7740993326645,12605,6.85325445702787,12718,19.6208473043303,19.453239632404,12949,87.8595731518713,12932,1.30556419023935,12868,48.7102021845224,12909,12911,85.431027805747,12416,0.800314001130928,12574,0.301336815606234,12725,7.20328265809195,12992,12944,35.5191416280268
Buddhist,2023,Community Trusts,Religion,Organisation Size and Occupation Group,143,90.862244950189,21.008813017468,1,136,13.2214001308505,137,7.37480275934503,138,23.5316153089245,46.4788732394366,142,73.943661971831,142,3.57142857142857,140,46.8531468531469,143,142,90.8450704225352,131,2.75528961448998,137,0.645497625168929,139,5.76084404978765,143,142,38.8164486596473
Hindu,2023,Community Trusts,Religion,Organisation Size and Occupation Group,548,88.0386497222291,24.4759578740982,0.996363636363636,525,13.6668098058264,532,9.15013422922277,538,19.1241634753877,99.8178506375228,549,76.2773722627737,548,5.58659217877095,537,21.0909090909091,550,544,85.6617647058823,522,1.54641979213146,524,0.792049933213008,534,5.23350326532027,550,545,33.685776405984
Jewish,2023,Community Trusts,Religion,Organisation Size and Occupation Group,78,95.1518997378137,11.6492509583454,0.78,78,15.2514475090569,76,5.60541505016894,77,22.6218028466109,6.32911392405063,79,78.4810126582278,79,2.63157894736842,76,33.3333333333333,78,79,79.746835443038,74,0,77,0,78,6.56049596028227,100,79,32.2100663535936
Muslim,2023,Community Trusts,Religion,Organisation Size and Occupation Group,678,90.195979933813,27.453827081917,0.995594713656388,655,17.350276030762,655,7.72164974342793,662,19.2074721624516,94.3952802359882,678,72.459499263623,679,4.66165413533835,665,17.6557863501484,674,677,79.9113737075332,640,2.02551282854078,653,1.56270891220468,664,6.97535257098569,681,675,35.7048456956185
Sikh,2023,Community Trusts,Religion,Organisation Size and Occupation Group,193,90.3258779511588,26.4713178864869,1,188,14.9126672004561,188,10.6197202209284,189,18.5211782707156,98.9528795811518,191,81.8652849740933,193,4.78723404255319,188,22.9166666666667,192,191,76.4397905759162,185,1.09229098152808,190,0,190,6.22585234957717,193,190,33.0789148150023
Any other religion,2023,Community Trusts,Religion,Organisation Size and Occupation Group,388,90.1477389976177,26.361140727168902,1,381,15.010097763334601,381,8.08680369129888,384,26.1646453546431,23.5142118863049,387,80.3108808290155,386,1.55038759689922,387,42.5974025974026,385,385,86.4935064935065,370,0.267310302845431,378,0,383,7.00725290917423,388,386,42.6825840996777
I would prefer not to say,2023,Community Trusts,Religion,Organisation Size and Occupation Group,1722,94.0238130537326,36.208800289884,0.996527777777778,1668,19.601825185966,1669,14.3023601438011,1685,22.8141074510455,26.1688311688312,1540,52.1764364480557,1723,3.03766707168894,1646,40.1997503121099,1602,1718,82.3050058207218,1656,1.36735338448629,1665,0.753921143198184,1691,6.44375390070395,1728,1718,52.5353318103755
No religion,2023,Ambulance Trusts,Religion,Organisation Size and Occupation Group,15457,95.1493363848987,40.4099916678602,0.999159663865546,13489,16.8437401375307,13570,11.5187455375197,13673,44.8545118316541,3.28049175024263,15455,54.9808553442793,15409,0.0390981363221686,15346,18.2259945574705,15434,15428,82.5576873217527,13385,1.56890560087878,13530,0.728955349901824,13642,29.744832024119,15470,15441,51.4372606469427
Christian,2023,Ambulance Trusts,Religion,Organisation Size and Occupation Group,10184,93.3056712692406,34.3942538556086,0.999411187438665,9140,17.9114080500271,9165,13.0382633279986,9236,38.4608352495175,8.30796425414908,10183,53.7488886693668,10123,0.118706103472154,10109,39.3510324483776,10170,10152,77.0488573680063,9065,1.91429399652483,9150,0.977396005608568,9221,24.8093879204343,10190,10164,47.818076123662
Buddhist,2023,Ambulance Trusts,Religion,Organisation Size and Occupation Group,120,92.1018091278475,43.534246400105,1,108,22.3225036399337,109,25.0342188371244,109,46.3619170255454,17.5,120,38.655462184874,119,0,119,30.2521008403361,119,120,80.8333333333333,104,5.97897164660712,106,2.6229093269569,108,34.4658660806299,120,120,52.4844373488761
Hindu,2023,Ambulance Trusts,Religion,Organisation Size and Occupation Group,130,89.9843800251963,27.9493291988807,1,121,15.1360810365133,123,13.5670743307855,122,23.3908967635057,91.5384615384615,130,49.6124031007752,129,0.78740157480315,127,23.0769230769231,130,130,55.3846153846154,120,5.56439826127648,122,3.47577658354024,123,10.7203854107763,130,130,38.944466788689
Jewish,2023,Ambulance Trusts,Religion,Organisation Size and Occupation Group,81,94.8472691396939,48.1843842095673,0.834032094675703,67,26.5475049094521,69,19.8264705160036,69,47.6986105787864,18.5185185185185,81,30.8641975308642,81,0,80,28.3950617283951,81,81,85.1851851851852,65,4.75339203701512,69,2.88143523841815,69,36.9298246492597,97.1185647615819,80,58.7566343725735
Muslim,2023,Ambulance Trusts,Religion,Organisation Size and Occupation Group,613,94.0363468105937,43.3873632536786,0.998371335504886,535,17.9612633841843,534,11.9575119456323,535,41.2300331129391,94.7540983606557,610,45.4844006568145,609,0.167224080267559,598,9.13539967373573,613,610,69.1803278688525,530,2.72798689526796,532,1.89644045844364,535,15.4356134508078,614,610,47.4541950945386
Sikh,2023,Ambulance Trusts,Religion,Organisation Size and Occupation Group,77,95.8687587161269,51.6215881766796,0.795876750962848,67,25.258985364952,68,17.1721159110624,69,46.2392485717383,88.3116883116883,77,49.3333333333333,75,0,76,22.6666666666667,75,76,69.7368421052632,65,7.07019332855189,67,3.25135153546603,68,28.2775222285159,96.748648464534,76,43.9535895256906
Any other religion,2023,Ambulance Trusts,Religion,Organisation Size and Occupation Group,452,94.0453917920124,41.3304550625215,0.997792494481236,417,24.9943074256072,416,19.056149657263,420,46.7102279598853,8.40707964601769,452,41.7777777777778,450,0,450,36.5044247787611,452,449,80.8463251670379,406,3.71250796268906,412,1.30731572663419,417,28.526250174052,453,453,61.7801296519948
I would prefer not to say,2023,Ambulance Trusts,Religion,Organisation Size and Occupation Group,1815,96.1403509829515,49.2979524019393,0.997252747252747,1623,24.9494805687857,1633,23.3903626284217,1638,45.7131325153336,17.1021377672209,1684,27.0121278941566,1814,0.16882386043894199,1777,28.7191269385411,1741,1816,77.3678414096916,1597,2.61262153074249,1610,2.16612797823493,1639,28.818276566523,1820,1815,64.6435571584555
No religion,2023,Acute Specialist Trusts,Religion,Organisation Size and Occupation Group,5751,92.3469807876561,29.4376170618442,0.998957790515894,5587,14.966973809594,5601,8.5894650461708,5622,16.0451599182486,8.80459370106142,5747,73.2681905426627,5731,6.17740232312566,5682,21.6291644863073,5733,5718,74.3091990206366,5555,0.579204342761557,5595,0.214562380859689,5624,4.89722631641013,5757,5734,39.1186270498668
Christian,2023,Acute Specialist Trusts,Religion,Organisation Size and Occupation Group,7668,90.4810281092186,25.6986323309678,0.998567521812736,7358,17.2563703138465,7369,9.35361353074569,7420,17.4156851562114,26.7740246137732,7638,79.4875147078049,7649,5.30821917808219,7592,38.1739472648564,7623,7625,78.0196721311475,7303,1.6805135983717,7353,0.545502065025531,7411,5.59711611294438,7679,7635,36.9965641269859
Buddhist,2023,Acute Specialist Trusts,Religion,Organisation Size and Occupation Group,129,91.772468962781,33.5336134201509,1,128,17.4624084504012,129,11.1036686809133,129,24.4009316046982,75.78125,128,66.1417322834646,127,14.9606299212598,127,29.4573643410853,129,125,76,125,1.56447059357323,128,1.53038377801755,129,3.97913815442487,129,129,41.5706764740737
Hindu,2023,Acute Specialist Trusts,Religion,Organisation Size and Occupation Group,574,87.518056804015,27.1656035069538,0.998260869565217,538,17.3197569904668,543,10.2160012922123,539,14.286719195268,99.4782608695652,575,64.6234676007005,571,20.6773618538324,561,22.6086956521739,575,567,75.6613756613757,538,2.40223164707123,541,1.21714133917278,543,5.71107739835998,575,570,29.4016399445516
Jewish,2023,Acute Specialist Trusts,Religion,Organisation Size and Occupation Group,90,93.0117821787742,23.9889891246499,0.908904649683439,86,16.3207339804375,87,11.0359963839574,87,14.7192402050859,13.4831460674157,89,76.6666666666667,90,22.2222222222222,90,35.5555555555556,90,89,83.1460674157303,84,0.992864918459105,85,0.979712193852308,87,3.19178321584708,99.0202878061477,90,29.9625097489294
Muslim,2023,Acute Specialist Trusts,Religion,Organisation Size and Occupation Group,697,89.1833685868538,27.7651307116047,0.994293865905849,668,19.6067069528926,670,10.0184471843439,673,14.7695456117335,95.2312138728324,692,57.9172610556348,701,13.6363636363636,682,16.1659513590844,699,697,71.4490674318508,662,2.02259033291978,671,1.0381766240711,673,3.53348942342444,701,695,37.1779214938262
Sikh,2023,Acute Specialist Trusts,Religion,Organisation Size and Occupation Group,88,90.0419013681788,21.1479955768435,0.88,86,15.5274054104823,86,7.95083748497663,86,11.4415992822731,100,89,63.6363636363636,88,11.4942528735632,87,26.9662921348315,89,88,63.6363636363636,84,0,87,1.0366162515175,87,3.13307621395592,100,87,37.3091708881811
Any other religion,2023,Acute Specialist Trusts,Religion,Organisation Size and Occupation Group,236,91.4448250125238,28.5900984567161,1,227,19.6280741460402,228,11.645931522623,230,18.302936572286,33.0508474576271,236,76.1702127659574,235,3.8961038961039,231,33.9130434782609,230,235,79.5744680851064,228,3.25548677236999,228,1.48052965345792,229,5.2979803219191,236,234,42.0335262497873
I would prefer not to say,2023,Acute Specialist Trusts,Religion,Organisation Size and Occupation Group,1131,94.2194469043719,36.6129687442651,1,1082,24.206562943477,1090,16.6043771037624,1093,19.6947108764014,37.2727272727273,990,43.9501779359431,1124,10.1489757914339,1074,26.88995215311,1045,1122,72.9946524064171,1076,2.32808963400075,1080,1.17143538754063,1089,6.41703699571777,1131,1121,50.5782370827561
